id,r,g,b
NCS S 0300-N,255,255,255
NCS S 0500-N,252,252,251
NCS S 1000-N,242,242,240
NCS S 1500-N,224,223,222
NCS S 2000-N,216,216,215
NCS S 2500-N,206,205,204
NCS S 3000-N,192,191,190
NCS S 3500-N,176,176,175
NCS S 4000-N,165,165,164
NCS S 4500-N,151,151,150
NCS S 5000-N,142,142,141
NCS S 5500-N,133,133,131
NCS S 6000-N,122,121,119
NCS S 6500-N,109,109,107
NCS S 7000-N,96,96,94
NCS S 7500-N,84,84,82
NCS S 8000-N,67,66,65
NCS S 8500-N,38,40,36
NCS S 9000-N,17,20,16
NCS S 0502-Y,255,253,242
NCS S 1002-Y,234,232,219
NCS S 1502-Y,213,211,199
NCS S 2002-Y,201,200,189
NCS S 2502-Y,184,183,173
NCS S 3502-Y,154,155,146
NCS S 4502-Y,134,134,126
NCS S 5502-Y,109,109,102
NCS S 6502-Y,85,85,79
NCS S 7502-Y,53,52,48
NCS S 8502-Y,21,19,17
NCS S 0502-Y50R,255,250,237
NCS S 1002-Y50R,240,233,221
NCS S 1502-Y50R,218,212,202
NCS S 2002-Y50R,200,193,185
NCS S 0502-R,255,251,248
NCS S 1002-R,233,228,223
NCS S 1502-R,212,207,204
NCS S 2002-R,195,190,188
NCS S 2502-R,185,180,178
NCS S 3502-R,145,141,141
NCS S 4502-R,122,119,118
NCS S 5502-R,108,105,101
NCS S 6502-R,84,80,77
NCS S 7502-R,47,44,42
NCS S 8502-R,22,18,18
NCS S 0502-R50B,252,251,253
NCS S 1002-R50B,225,226,229
NCS S 1502-R50B,209,209,214
NCS S 2002-R50B,188,189,194
NCS S 0502-B,250,253,255
NCS S 1002-B,227,232,234
NCS S 1502-B,210,215,218
NCS S 2002-B,191,196,199
NCS S 2502-B,174,179,182
NCS S 3502-B,141,145,148
NCS S 4502-B,118,122,124
NCS S 5502-B,91,95,97
NCS S 6502-B,67,71,73
NCS S 7502-B,41,45,47
NCS S 8502-B,9,17,21
NCS S 0502-B50G,250,253,248
NCS S 1002-B50G,231,235,230
NCS S 1502-B50G,203,211,208
NCS S 2002-B50G,182,191,189
NCS S 0502-G,250,253,247
NCS S 1002-G,235,240,231
NCS S 1502-G,214,219,211
NCS S 2002-G,193,198,191
NCS S 2502-G,176,181,176
NCS S 3502-G,145,150,146
NCS S 4502-G,128,132,129
NCS S 5502-G,92,95,92
NCS S 6502-G,70,72,69
NCS S 7502-G,43,46,44
NCS S 8502-G,19,20,17
NCS S 0502-G50Y,252,253,247
NCS S 1002-G50Y,240,242,235
NCS S 1502-G50Y,218,220,208
NCS S 2002-G50Y,196,199,189
NCS S 0505-Y,255,251,231
NCS S 0507-Y,255,249,214
NCS S 0510-Y,255,248,202
NCS S 0515-Y,255,246,190
NCS S 0520-Y,255,238,167
NCS S 0530-Y,255,235,146
NCS S 0540-Y,254,230,107
NCS S 0550-Y,253,221,78
NCS S 0560-Y,253,215,44
NCS S 0570-Y,250,213,0
NCS S 0580-Y,249,207,0
NCS S 1005-Y,245,240,211
NCS S 1010-Y,244,234,181
NCS S 1015-Y,246,233,176
NCS S 1020-Y,244,229,163
NCS S 1030-Y,246,222,138
NCS S 1040-Y,249,221,128
NCS S 1050-Y,254,215,76
NCS S 1060-Y,252,211,43
NCS S 1070-Y,247,202,39
NCS S 1080-Y,236,188,0
NCS S 1505-Y,229,223,196
NCS S 1510-Y,222,213,165
NCS S 1515-Y,221,209,154
NCS S 2005-Y,200,196,173
NCS S 2010-Y,198,190,158
NCS S 2020-Y,200,187,134
NCS S 2030-Y,205,184,103
NCS S 2040-Y,208,179,83
NCS S 2050-Y,206,169,38
NCS S 2060-Y,199,163,0
NCS S 2070-Y,193,159,0
NCS S 3010-Y,175,165,128
NCS S 3020-Y,177,161,109
NCS S 3030-Y,175,155,88
NCS S 3040-Y,168,138,54
NCS S 3050-Y,156,122,25
NCS S 3060-Y,156,121,0
NCS S 3560-Y,152,116,0
NCS S 4020-Y,144,126,71
NCS S 4030-Y,147,121,46
NCS S 4040-Y,139,110,19
NCS S 4050-Y,134,104,0
NCS S 4550-Y,129,99,0
NCS S 5020-Y,116,100,56
NCS S 5030-Y,118,91,20
NCS S 5040-Y,106,79,0
NCS S 6020-Y,98,79,44
NCS S 6030-Y,62,48,0
NCS S 7020-Y,67,50,18
NCS S 0505-Y10R,255,249,229
NCS S 0510-Y10R,255,244,200
NCS S 0515-Y10R,255,239,179
NCS S 0520-Y10R,255,235,165
NCS S 0530-Y10R,255,226,146
NCS S 0540-Y10R,255,220,122
NCS S 0550-Y10R,255,213,98
NCS S 0560-Y10R,253,195,54
NCS S 0570-Y10R,251,187,34
NCS S 0580-Y10R,248,175,0
NCS S 0804-Y10R,253,249,239
NCS S 0907-Y10R,249,238,203
NCS S 1005-Y10R,243,234,206
NCS S 1010-Y10R,243,229,180
NCS S 1015-Y10R,242,224,168
NCS S 1020-Y10R,245,224,159
NCS S 1030-Y10R,250,219,138
NCS S 1040-Y10R,255,213,102
NCS S 1050-Y10R,255,205,78
NCS S 1060-Y10R,251,192,40
NCS S 1070-Y10R,249,188,0
NCS S 1080-Y10R,248,181,0
NCS S 1505-Y10R,222,212,180
NCS S 1510-Y10R,232,219,171
NCS S 1515-Y10R,231,213,159
NCS S 2005-Y10R,203,193,165
NCS S 2010-Y10R,200,189,151
NCS S 2020-Y10R,210,187,125
NCS S 2030-Y10R,216,179,100
NCS S 2040-Y10R,225,175,85
NCS S 2050-Y10R,222,167,61
NCS S 2060-Y10R,209,149,24
NCS S 2070-Y10R,225,157,0
NCS S 3010-Y10R,167,153,115
NCS S 3020-Y10R,182,159,107
NCS S 3030-Y10R,180,150,83
NCS S 3040-Y10R,176,133,56
NCS S 3050-Y10R,175,120,18
NCS S 3060-Y10R,181,126,0
NCS S 4010-Y10R,150,133,96
NCS S 4020-Y10R,146,118,69
NCS S 4030-Y10R,156,119,54
NCS S 4040-Y10R,145,102,35
NCS S 4050-Y10R,145,92,0
NCS S 4055-Y10R,149,95,0
NCS S 5010-Y10R,117,104,74
NCS S 5020-Y10R,127,98,58
NCS S 5030-Y10R,130,95,43
NCS S 5040-Y10R,113,71,2
NCS S 6010-Y10R,106,90,65
NCS S 6020-Y10R,114,83,48
NCS S 6030-Y10R,83,51,11
NCS S 7010-Y10R,90,72,51
NCS S 7020-Y10R,68,41,0
NCS S 8010-Y10R,46,33,18
NCS S 0505-Y20R,255,248,225
NCS S 0507-Y20R,255,245,211
NCS S 0510-Y20R,255,240,189
NCS S 0515-Y20R,255,234,177
NCS S 0520-Y20R,255,228,163
NCS S 0530-Y20R,255,209,122
NCS S 0540-Y20R,255,192,95
NCS S 0550-Y20R,251,179,67
NCS S 0560-Y20R,248,166,34
NCS S 0570-Y20R,244,154,10
NCS S 0580-Y20R,244,154,0
NCS S 0585-Y20R,244,153,0
NCS S 0603-Y20R,255,250,234
NCS S 1005-Y20R,244,234,204
NCS S 1010-Y20R,244,231,189
NCS S 1015-Y20R,255,231,175
NCS S 1020-Y20R,255,222,159
NCS S 1030-Y20R,255,203,120
NCS S 1040-Y20R,255,192,94
NCS S 1050-Y20R,250,172,66
NCS S 1060-Y20R,248,167,34
NCS S 1070-Y20R,245,163,0
NCS S 1080-Y20R,244,153,0
NCS S 1505-Y20R,228,217,185
NCS S 1510-Y20R,231,212,168
NCS S 1515-Y20R,231,207,156
NCS S 2005-Y20R,212,201,173
NCS S 2010-Y20R,201,184,146
NCS S 2020-Y20R,214,180,122
NCS S 2030-Y20R,214,169,101
NCS S 2040-Y20R,235,171,87
NCS S 2050-Y20R,219,153,61
NCS S 2060-Y20R,215,137,33
NCS S 2070-Y20R,221,131,0
NCS S 3005-Y20R,164,155,129
NCS S 3010-Y20R,166,147,113
NCS S 3020-Y20R,181,150,104
NCS S 3030-Y20R,176,136,79
NCS S 3040-Y20R,173,119,48
NCS S 3050-Y20R,178,112,20
NCS S 3060-Y20R,175,102,0
NCS S 3065-Y20R,179,101,0
NCS S 3560-Y20R,164,93,0
NCS S 4005-Y20R,142,132,111
NCS S 4020-Y20R,149,115,69
NCS S 4030-Y20R,154,109,55
NCS S 4040-Y20R,143,94,34
NCS S 4050-Y20R,143,75,0
NCS S 5005-Y20R,119,109,92
NCS S 5020-Y20R,125,92,56
NCS S 5030-Y20R,139,96,46
NCS S 5040-Y20R,123,71,16
NCS S 6005-Y20R,95,86,72
NCS S 6020-Y20R,113,72,36
NCS S 6030-Y20R,89,47,15
NCS S 7005-Y20R,60,53,43
NCS S 7020-Y20R,78,48,19
NCS S 8005-Y20R,48,40,29
NCS S 8505-Y20R,47,35,23
NCS S 0505-Y30R,255,245,220
NCS S 0510-Y30R,255,239,198
NCS S 0515-Y30R,255,225,170
NCS S 0520-Y30R,255,216,158
NCS S 0530-Y30R,255,206,144
NCS S 0540-Y30R,254,178,95
NCS S 0550-Y30R,247,153,59
NCS S 0560-Y30R,244,148,30
NCS S 0570-Y30R,243,143,27
NCS S 0580-Y30R,240,132,0
NCS S 0585-Y30R,240,126,0
NCS S 0804-Y30R,255,246,226
NCS S 0907-Y30R,249,236,210
NCS S 1005-Y30R,245,235,214
NCS S 1010-Y30R,251,228,182
NCS S 1015-Y30R,255,224,174
NCS S 1020-Y30R,255,214,159
NCS S 1030-Y30R,255,203,138
NCS S 1040-Y30R,254,186,111
NCS S 1050-Y30R,253,169,81
NCS S 1060-Y30R,247,149,58
NCS S 1070-Y30R,243,135,28
NCS S 1080-Y30R,239,121,0
NCS S 1505-Y30R,233,222,196
NCS S 1510-Y30R,231,211,167
NCS S 1515-Y30R,241,203,147
NCS S 2005-Y30R,214,203,181
NCS S 2010-Y30R,202,179,141
NCS S 2020-Y30R,221,178,126
NCS S 2030-Y30R,223,164,99
NCS S 2040-Y30R,233,158,83
NCS S 2050-Y30R,225,135,60
NCS S 2060-Y30R,224,125,32
NCS S 2070-Y30R,222,113,0
NCS S 2570-Y30R,206,104,0
NCS S 3010-Y30R,179,160,129
NCS S 3020-Y30R,185,147,104
NCS S 3030-Y30R,184,128,71
NCS S 3040-Y30R,180,109,48
NCS S 3050-Y30R,188,105,35
NCS S 3060-Y30R,192,96,0
NCS S 3560-Y30R,166,82,0
NCS S 4010-Y30R,148,124,92
NCS S 4020-Y30R,150,109,68
NCS S 4030-Y30R,162,104,55
NCS S 4040-Y30R,151,85,30
NCS S 4050-Y30R,155,72,0
NCS S 4550-Y30R,136,63,0
NCS S 5010-Y30R,126,98,69
NCS S 5020-Y30R,127,89,55
NCS S 5030-Y30R,136,82,41
NCS S 5040-Y30R,122,56,1
NCS S 6010-Y30R,111,83,60
NCS S 6020-Y30R,112,67,37
NCS S 6030-Y30R,89,41,4
NCS S 7010-Y30R,88,64,37
NCS S 7020-Y30R,76,44,21
NCS S 8010-Y30R,45,27,3
NCS S 0505-Y40R,255,243,215
NCS S 0507-Y40R,255,242,211
NCS S 0510-Y40R,255,235,199
NCS S 0515-Y40R,255,230,184
NCS S 0520-Y40R,255,215,165
NCS S 0530-Y40R,255,195,136
NCS S 0540-Y40R,254,175,109
NCS S 0550-Y40R,251,151,77
NCS S 0560-Y40R,244,128,50
NCS S 0570-Y40R,242,122,26
NCS S 0580-Y40R,236,109,0
NCS S 0585-Y40R,236,109,0
NCS S 0603-Y40R,255,249,233
NCS S 1005-Y40R,244,233,214
NCS S 1010-Y40R,248,223,194
NCS S 1015-Y40R,255,219,171
NCS S 1020-Y40R,255,205,156
NCS S 1030-Y40R,255,191,132
NCS S 1040-Y40R,254,175,109
NCS S 1050-Y40R,252,158,80
NCS S 1060-Y40R,244,128,42
NCS S 1070-Y40R,240,120,0
NCS S 1080-Y40R,236,98,0
NCS S 1505-Y40R,230,218,194
NCS S 1510-Y40R,231,205,172
NCS S 1515-Y40R,241,204,157
NCS S 2005-Y40R,210,196,176
NCS S 2010-Y40R,205,176,137
NCS S 2020-Y40R,213,165,118
NCS S 2030-Y40R,220,152,95
NCS S 2040-Y40R,230,141,77
NCS S 2050-Y40R,226,128,55
NCS S 2060-Y40R,209,100,26
NCS S 2070-Y40R,214,88,0
NCS S 2570-Y40R,198,81,0
NCS S 3010-Y40R,184,161,131
NCS S 3020-Y40R,184,143,102
NCS S 3030-Y40R,181,119,71
NCS S 3040-Y40R,186,106,55
NCS S 3050-Y40R,185,96,44
NCS S 3060-Y40R,189,76,0
NCS S 3560-Y40R,163,64,0
NCS S 4020-Y40R,153,107,68
NCS S 4030-Y40R,159,93,52
NCS S 4040-Y40R,148,75,31
NCS S 4050-Y40R,148,56,4
NCS S 4550-Y40R,133,48,0
NCS S 5020-Y40R,133,87,59
NCS S 5030-Y40R,131,77,40
NCS S 5040-Y40R,122,43,0
NCS S 6020-Y40R,112,61,33
NCS S 6030-Y40R,94,40,14
NCS S 7020-Y40R,68,30,6
NCS S 0505-Y50R,255,243,219
NCS S 0510-Y50R,255,236,212
NCS S 0515-Y50R,255,226,186
NCS S 0520-Y50R,255,208,165
NCS S 0530-Y50R,255,187,134
NCS S 0540-Y50R,254,166,106
NCS S 0550-Y50R,250,141,76
NCS S 0560-Y50R,246,126,61
NCS S 0570-Y50R,241,112,36
NCS S 0580-Y50R,236,98,2
NCS S 0585-Y50R,236,97,0
NCS S 0804-Y50R,248,239,219
NCS S 0907-Y50R,249,233,211
NCS S 1005-Y50R,244,233,215
NCS S 1010-Y50R,255,228,199
NCS S 1015-Y50R,255,216,175
NCS S 1020-Y50R,255,206,161
NCS S 1030-Y50R,255,183,128
NCS S 1040-Y50R,254,161,99
NCS S 1050-Y50R,248,136,71
NCS S 1060-Y50R,244,125,50
NCS S 1070-Y50R,238,99,22
NCS S 1080-Y50R,235,97,0
NCS S 1505-Y50R,233,219,203
NCS S 1510-Y50R,235,209,179
NCS S 1515-Y50R,239,195,158
NCS S 2005-Y50R,209,195,183
NCS S 2010-Y50R,205,177,145
NCS S 2020-Y50R,218,164,125
NCS S 2030-Y50R,233,149,97
NCS S 2040-Y50R,228,130,73
NCS S 2050-Y50R,223,113,51
NCS S 2060-Y50R,203,80,23
NCS S 2070-Y50R,203,73,0
NCS S 2570-Y50R,197,60,0
NCS S 3005-Y50R,165,155,141
NCS S 3010-Y50R,182,154,126
NCS S 3020-Y50R,187,136,107
NCS S 3030-Y50R,180,112,76
NCS S 3040-Y50R,186,102,61
NCS S 3050-Y50R,174,82,39
NCS S 3060-Y50R,171,64,0
NCS S 3560-Y50R,156,45,0
NCS S 4005-Y50R,136,125,115
NCS S 4010-Y50R,148,123,102
NCS S 4020-Y50R,151,96,66
NCS S 4030-Y50R,158,86,56
NCS S 4040-Y50R,147,67,30
NCS S 4050-Y50R,151,52,0
NCS S 4550-Y50R,132,37,0
NCS S 5005-Y50R,119,109,101
NCS S 5010-Y50R,116,94,75
NCS S 5020-Y50R,133,88,63
NCS S 5030-Y50R,129,68,40
NCS S 5040-Y50R,124,43,10
NCS S 6005-Y50R,100,89,83
NCS S 6010-Y50R,98,74,61
NCS S 6020-Y50R,108,62,40
NCS S 6030-Y50R,98,33,0
NCS S 7005-Y50R,47,41,37
NCS S 7010-Y50R,81,53,34
NCS S 7020-Y50R,67,27,0
NCS S 8005-Y50R,47,38,32
NCS S 8010-Y50R,48,37,30
NCS S 0505-Y60R,255,243,224
NCS S 0507-Y60R,255,240,214
NCS S 0510-Y60R,255,234,208
NCS S 0515-Y60R,255,227,196
NCS S 0520-Y60R,255,215,182
NCS S 0530-Y60R,255,186,146
NCS S 0540-Y60R,253,162,118
NCS S 0550-Y60R,251,140,91
NCS S 0560-Y60R,247,127,68
NCS S 0570-Y60R,240,100,44
NCS S 0580-Y60R,235,87,22
NCS S 0585-Y60R,231,72,0
NCS S 0603-Y60R,255,248,236
NCS S 1005-Y60R,244,231,213
NCS S 1010-Y60R,255,226,198
NCS S 1015-Y60R,255,213,177
NCS S 1020-Y60R,255,196,157
NCS S 1030-Y60R,253,174,134
NCS S 1040-Y60R,252,149,98
NCS S 1050-Y60R,248,127,70
NCS S 1060-Y60R,240,100,44
NCS S 1070-Y60R,238,97,25
NCS S 1080-Y60R,231,72,0
NCS S 1505-Y60R,232,216,201
NCS S 1510-Y60R,229,196,167
NCS S 1515-Y60R,240,196,163
NCS S 2005-Y60R,205,190,178
NCS S 2010-Y60R,209,176,148
NCS S 2020-Y60R,212,159,129
NCS S 2030-Y60R,234,149,113
NCS S 2040-Y60R,228,124,86
NCS S 2050-Y60R,223,107,58
NCS S 2060-Y60R,205,77,24
NCS S 2070-Y60R,195,55,6
NCS S 2075-Y60R,208,50,0
NCS S 2570-Y60R,191,58,0
NCS S 3010-Y60R,181,150,132
NCS S 3020-Y60R,183,138,110
NCS S 3030-Y60R,180,109,79
NCS S 3040-Y60R,179,93,60
NCS S 3050-Y60R,175,64,11
NCS S 3060-Y60R,179,50,0
NCS S 3560-Y60R,150,35,0
NCS S 4020-Y60R,149,100,77
NCS S 4030-Y60R,147,77,51
NCS S 4040-Y60R,146,60,28
NCS S 4050-Y60R,146,39,5
NCS S 4550-Y60R,125,29,3
NCS S 5020-Y60R,132,83,65
NCS S 5030-Y60R,128,60,36
NCS S 5040-Y60R,110,27,0
NCS S 6020-Y60R,111,56,31
NCS S 6030-Y60R,95,24,0
NCS S 7020-Y60R,68,25,4
NCS S 0505-Y70R,255,242,226
NCS S 0510-Y70R,255,240,219
NCS S 0515-Y70R,255,228,202
NCS S 0520-Y70R,255,208,184
NCS S 0530-Y70R,254,174,145
NCS S 0540-Y70R,254,153,120
NCS S 0550-Y70R,251,131,92
NCS S 0560-Y70R,245,106,68
NCS S 0570-Y70R,237,78,41
NCS S 0580-Y70R,233,72,21
NCS S 0585-Y70R,224,47,7
NCS S 0804-Y70R,255,245,236
NCS S 0907-Y70R,247,228,209
NCS S 1005-Y70R,244,231,213
NCS S 1010-Y70R,255,221,202
NCS S 1015-Y70R,255,210,187
NCS S 1020-Y70R,255,193,166
NCS S 1030-Y70R,255,168,139
NCS S 1040-Y70R,255,151,124
NCS S 1050-Y70R,249,128,80
NCS S 1060-Y70R,244,101,63
NCS S 1070-Y70R,236,75,48
NCS S 1080-Y70R,226,52,3
NCS S 1505-Y70R,231,212,199
NCS S 1510-Y70R,229,197,176
NCS S 1515-Y70R,240,196,170
NCS S 2005-Y70R,198,182,172
NCS S 2010-Y70R,209,175,158
NCS S 2020-Y70R,222,161,135
NCS S 2030-Y70R,233,140,111
NCS S 2040-Y70R,222,119,88
NCS S 2050-Y70R,223,98,65
NCS S 2060-Y70R,203,64,30
NCS S 2070-Y70R,205,42,3
NCS S 2075-Y70R,194,35,8
NCS S 2570-Y70R,177,35,4
NCS S 3010-Y70R,172,147,133
NCS S 3020-Y70R,183,131,111
NCS S 3030-Y70R,180,110,86
NCS S 3040-Y70R,183,94,69
NCS S 3050-Y70R,183,64,48
NCS S 3060-Y70R,160,39,11
NCS S 3560-Y70R,146,26,14
NCS S 4010-Y70R,144,119,110
NCS S 4020-Y70R,146,95,74
NCS S 4030-Y70R,152,80,59
NCS S 4040-Y70R,150,62,41
NCS S 4050-Y70R,138,31,7
NCS S 4550-Y70R,129,34,15
NCS S 5010-Y70R,116,91,83
NCS S 5020-Y70R,131,78,63
NCS S 5030-Y70R,129,64,47
NCS S 5040-Y70R,114,28,11
NCS S 6010-Y70R,99,78,67
NCS S 6020-Y70R,107,55,40
NCS S 6030-Y70R,104,37,25
NCS S 7010-Y70R,79,52,42
NCS S 7020-Y70R,68,28,19
NCS S 8010-Y70R,46,20,16
NCS S 0505-Y80R,255,242,231
NCS S 0507-Y80R,255,241,227
NCS S 0510-Y80R,255,238,225
NCS S 0515-Y80R,255,226,210
NCS S 0520-Y80R,255,211,192
NCS S 0530-Y80R,255,185,162
NCS S 0540-Y80R,255,164,153
NCS S 0550-Y80R,250,120,113
NCS S 0560-Y80R,242,90,89
NCS S 0570-Y80R,233,71,60
NCS S 0580-Y80R,226,52,32
NCS S 0585-Y80R,227,56,50
NCS S 0603-Y80R,255,250,244
NCS S 1005-Y80R,243,231,221
NCS S 1010-Y80R,251,223,211
NCS S 1015-Y80R,255,212,198
NCS S 1020-Y80R,255,200,179
NCS S 1030-Y80R,255,171,151
NCS S 1040-Y80R,255,150,137
NCS S 1050-Y80R,251,128,107
NCS S 1060-Y80R,244,102,91
NCS S 1070-Y80R,235,75,68
NCS S 1080-Y80R,222,42,25
NCS S 1085-Y80R,218,29,22
NCS S 1505-Y80R,222,211,203
NCS S 1510-Y80R,230,203,187
NCS S 1515-Y80R,240,197,179
NCS S 1580-Y80R,198,18,26
NCS S 2005-Y80R,198,182,172
NCS S 2010-Y80R,206,175,165
NCS S 2020-Y80R,213,161,144
NCS S 2030-Y80R,222,136,117
NCS S 2040-Y80R,234,126,109
NCS S 2050-Y80R,228,103,87
NCS S 2060-Y80R,206,70,61
NCS S 2070-Y80R,191,48,43
NCS S 2570-Y80R,158,23,11
NCS S 3005-Y80R,165,150,143
NCS S 3010-Y80R,173,149,140
NCS S 3020-Y80R,177,127,114
NCS S 3030-Y80R,177,108,96
NCS S 3040-Y80R,176,83,67
NCS S 3050-Y80R,164,65,48
NCS S 3060-Y80R,155,29,16
NCS S 3560-Y80R,126,14,15
NCS S 4005-Y80R,141,129,124
NCS S 4020-Y80R,142,90,80
NCS S 4030-Y80R,150,81,70
NCS S 4040-Y80R,149,60,54
NCS S 4050-Y80R,137,39,37
NCS S 4550-Y80R,107,11,10
NCS S 5005-Y80R,119,108,100
NCS S 5020-Y80R,123,71,63
NCS S 5030-Y80R,130,57,47
NCS S 5040-Y80R,108,19,17
NCS S 6005-Y80R,100,89,82
NCS S 6020-Y80R,109,58,50
NCS S 6030-Y80R,94,30,27
NCS S 7005-Y80R,73,62,58
NCS S 7020-Y80R,67,24,19
NCS S 8005-Y80R,35,22,22
NCS S 8505-Y80R,35,23,21
NCS S 0505-Y90R,255,245,236
NCS S 0510-Y90R,255,233,226
NCS S 0515-Y90R,255,224,213
NCS S 0520-Y90R,255,207,197
NCS S 0530-Y90R,255,190,178
NCS S 0540-Y90R,255,161,157
NCS S 0550-Y90R,250,120,112
NCS S 0560-Y90R,240,85,84
NCS S 0570-Y90R,230,55,63
NCS S 0580-Y90R,217,16,35
NCS S 0804-Y90R,251,241,229
NCS S 0907-Y90R,252,237,227
NCS S 1005-Y90R,243,229,220
NCS S 1010-Y90R,252,224,211
NCS S 1015-Y90R,255,209,196
NCS S 1020-Y90R,255,199,185
NCS S 1030-Y90R,255,171,164
NCS S 1040-Y90R,255,155,149
NCS S 1050-Y90R,252,127,115
NCS S 1060-Y90R,243,99,89
NCS S 1070-Y90R,232,63,65
NCS S 1080-Y90R,207,16,33
NCS S 1085-Y90R,208,11,37
NCS S 1505-Y90R,221,207,200
NCS S 1510-Y90R,229,197,183
NCS S 1515-Y90R,239,192,176
NCS S 1580-Y90R,189,7,33
NCS S 2005-Y90R,197,179,171
NCS S 2010-Y90R,206,176,168
NCS S 2020-Y90R,214,153,144
NCS S 2030-Y90R,211,130,119
NCS S 2040-Y90R,209,115,106
NCS S 2050-Y90R,201,88,78
NCS S 2060-Y90R,190,69,63
NCS S 2070-Y90R,181,31,39
NCS S 2570-Y90R,150,10,24
NCS S 3010-Y90R,166,141,134
NCS S 3020-Y90R,166,118,108
NCS S 3030-Y90R,173,99,96
NCS S 3040-Y90R,179,81,79
NCS S 3050-Y90R,176,63,62
NCS S 3060-Y90R,155,36,40
NCS S 3560-Y90R,126,17,24
NCS S 4010-Y90R,139,116,107
NCS S 4020-Y90R,139,89,84
NCS S 4030-Y90R,144,71,65
NCS S 4040-Y90R,140,52,49
NCS S 4050-Y90R,132,29,34
NCS S 4550-Y90R,107,14,18
NCS S 5010-Y90R,117,93,88
NCS S 5020-Y90R,118,73,68
NCS S 5030-Y90R,116,51,49
NCS S 5040-Y90R,83,12,7
NCS S 5540-Y90R,70,3,4
NCS S 6010-Y90R,93,70,68
NCS S 6020-Y90R,92,50,51
NCS S 6030-Y90R,69,11,0
NCS S 7010-Y90R,76,50,48
NCS S 7020-Y90R,57,16,12
NCS S 8010-Y90R,41,18,20
NCS S 0505-R,255,244,239
NCS S 0507-R,255,238,232
NCS S 0510-R,255,231,226
NCS S 0515-R,255,220,213
NCS S 0520-R,255,211,207
NCS S 0530-R,255,193,185
NCS S 0540-R,255,167,162
NCS S 0550-R,254,135,132
NCS S 0560-R,241,82,104
NCS S 0565-R,241,83,97
NCS S 1005-R,244,227,222
NCS S 1010-R,241,217,213
NCS S 1015-R,255,213,209
NCS S 1020-R,252,200,201
NCS S 1030-R,255,178,184
NCS S 1040-R,255,159,167
NCS S 1050-R,253,125,134
NCS S 1060-R,241,82,103
NCS S 1070-R,231,52,74
NCS S 1080-R,191,0,42
NCS S 1510-R,228,189,179
NCS S 1515-R,240,188,174
NCS S 1580-R,155,0,37
NCS S 2005-R,198,183,176
NCS S 2010-R,197,178,170
NCS S 2020-R,217,156,153
NCS S 2030-R,214,132,134
NCS S 2040-R,210,112,112
NCS S 2050-R,201,76,89
NCS S 2060-R,188,45,62
NCS S 2070-R,163,0,36
NCS S 2570-R,146,0,34
NCS S 3010-R,161,133,134
NCS S 3020-R,166,115,109
NCS S 3030-R,163,101,99
NCS S 3040-R,165,78,84
NCS S 3050-R,164,57,66
NCS S 3060-R,137,0,35
NCS S 3560-R,109,0,26
NCS S 4020-R,139,90,88
NCS S 4030-R,135,71,71
NCS S 4040-R,140,49,56
NCS S 4050-R,129,28,39
NCS S 5020-R,117,74,71
NCS S 5030-R,111,47,53
NCS S 5040-R,109,0,28
NCS S 6020-R,93,44,49
NCS S 6030-R,59,3,10
NCS S 7020-R,59,3,10
NCS S 0505-R10B,255,243,239
NCS S 0510-R10B,255,234,234
NCS S 0515-R10B,255,228,233
NCS S 0520-R10B,255,215,220
NCS S 0530-R10B,255,199,207
NCS S 0540-R10B,255,172,183
NCS S 0550-R10B,255,150,164
NCS S 0804-R10B,255,245,241
NCS S 0907-R10B,244,228,224
NCS S 1005-R10B,239,228,222
NCS S 1010-R10B,244,219,215
NCS S 1015-R10B,244,211,211
NCS S 1020-R10B,244,197,198
NCS S 1030-R10B,255,180,194
NCS S 1040-R10B,255,151,172
NCS S 1050-R10B,252,117,140
NCS S 1060-R10B,242,80,114
NCS S 1070-R10B,217,49,90
NCS S 1510-R10B,232,206,204
NCS S 1515-R10B,219,182,183
NCS S 1575-R10B,176,0,62
NCS S 2005-R10B,198,184,180
NCS S 2010-R10B,196,171,169
NCS S 2020-R10B,205,160,167
NCS S 2030-R10B,215,137,150
NCS S 2040-R10B,210,111,127
NCS S 2050-R10B,204,88,106
NCS S 2060-R10B,184,39,80
NCS S 2070-R10B,149,0,54
NCS S 3010-R10B,166,144,147
NCS S 3020-R10B,167,122,129
NCS S 3030-R10B,164,102,116
NCS S 3040-R10B,160,72,82
NCS S 3050-R10B,149,41,65
NCS S 3060-R10B,139,0,41
NCS S 4010-R10B,139,115,116
NCS S 4020-R10B,135,97,105
NCS S 4030-R10B,136,71,84
NCS S 4040-R10B,132,48,63
NCS S 4050-R10B,111,0,34
NCS S 5010-R10B,117,97,97
NCS S 5020-R10B,114,75,81
NCS S 5030-R10B,111,49,57
NCS S 5040-R10B,82,7,28
NCS S 6010-R10B,98,77,79
NCS S 6020-R10B,92,47,59
NCS S 6030-R10B,59,10,19
NCS S 7010-R10B,66,40,44
NCS S 7020-R10B,45,6,14
NCS S 8010-R10B,29,1,6
NCS S 0505-R20B,255,245,243
NCS S 0507-R20B,255,243,242
NCS S 0510-R20B,255,239,241
NCS S 0515-R20B,255,227,235
NCS S 0520-R20B,255,219,227
NCS S 0530-R20B,253,193,212
NCS S 0540-R20B,248,168,196
NCS S 0603-R20B,255,249,248
NCS S 1005-R20B,237,227,224
NCS S 1010-R20B,244,220,220
NCS S 1015-R20B,244,211,216
NCS S 1020-R20B,243,201,209
NCS S 1030-R20B,251,174,199
NCS S 1040-R20B,248,147,182
NCS S 1050-R20B,242,108,159
NCS S 1060-R20B,239,83,142
NCS S 1070-R20B,216,46,113
NCS S 1510-R20B,221,204,205
NCS S 1515-R20B,218,182,186
NCS S 2005-R20B,198,187,185
NCS S 2010-R20B,196,171,172
NCS S 2020-R20B,197,152,166
NCS S 2030-R20B,204,133,156
NCS S 2040-R20B,198,110,136
NCS S 2050-R20B,198,68,117
NCS S 2060-R20B,184,35,96
NCS S 2065-R20B,156,0,75
NCS S 3005-R20B,166,157,155
NCS S 3010-R20B,155,138,143
NCS S 3020-R20B,155,115,127
NCS S 3030-R20B,154,93,115
NCS S 3040-R20B,150,67,95
NCS S 3050-R20B,139,28,68
NCS S 3060-R20B,129,2,61
NCS S 4005-R20B,132,125,126
NCS S 4020-R20B,138,102,113
NCS S 4030-R20B,132,71,90
NCS S 4040-R20B,127,36,68
NCS S 4050-R20B,114,0,56
NCS S 5005-R20B,120,111,117
NCS S 5020-R20B,114,72,83
NCS S 5030-R20B,109,40,65
NCS S 5040-R20B,95,0,47
NCS S 6005-R20B,95,87,92
NCS S 6020-R20B,92,37,58
NCS S 6030-R20B,62,0,28
NCS S 7005-R20B,72,63,68
NCS S 7020-R20B,44,2,20
NCS S 8005-R20B,42,31,36
NCS S 8505-R20B,21,1,10
NCS S 0505-R30B,255,246,247
NCS S 0510-R30B,255,242,244
NCS S 0520-R30B,254,220,233
NCS S 0530-R30B,250,192,217
NCS S 0540-R30B,246,174,205
NCS S 0804-R30B,246,240,240
NCS S 0907-R30B,243,232,229
NCS S 1005-R30B,241,232,232
NCS S 1010-R30B,243,223,224
NCS S 1020-R30B,240,200,213
NCS S 1030-R30B,232,170,196
NCS S 1040-R30B,233,151,197
NCS S 1050-R30B,221,100,164
NCS S 1060-R30B,217,73,151
NCS S 2005-R30B,199,187,188
NCS S 2010-R30B,195,171,178
NCS S 2020-R30B,198,153,170
NCS S 2030-R30B,202,133,163
NCS S 2040-R30B,189,111,149
NCS S 2050-R30B,185,79,130
NCS S 2060-R30B,169,32,110
NCS S 3010-R30B,161,144,154
NCS S 3020-R30B,156,117,137
NCS S 3030-R30B,159,98,128
NCS S 3040-R30B,149,68,107
NCS S 3050-R30B,145,39,97
NCS S 3055-R30B,135,0,90
NCS S 4010-R30B,140,120,132
NCS S 4020-R30B,136,101,119
NCS S 4030-R30B,132,73,102
NCS S 4040-R30B,124,43,88
NCS S 4050-R30B,116,0,75
NCS S 5010-R30B,117,96,108
NCS S 5020-R30B,113,73,93
NCS S 5030-R30B,109,49,80
NCS S 5040-R30B,81,0,53
NCS S 6010-R30B,93,72,82
NCS S 6020-R30B,88,35,59
NCS S 6030-R30B,58,0,35
NCS S 7010-R30B,72,51,60
NCS S 7020-R30B,38,1,23
NCS S 8010-R30B,21,1,10
NCS S 0505-R40B,255,246,250
NCS S 0507-R40B,255,246,250
NCS S 0510-R40B,255,242,248
NCS S 0515-R40B,255,237,245
NCS S 0520-R40B,253,220,236
NCS S 0530-R40B,245,196,227
NCS S 0603-R40B,251,246,249
NCS S 1005-R40B,232,226,230
NCS S 1010-R40B,231,219,225
NCS S 1015-R40B,229,210,220
NCS S 1020-R40B,234,207,226
NCS S 1030-R40B,239,185,225
NCS S 1040-R40B,230,160,211
NCS S 1050-R40B,215,119,185
NCS S 1510-R40B,214,203,209
NCS S 1515-R40B,213,190,205
NCS S 2005-R40B,194,190,194
NCS S 2010-R40B,197,183,191
NCS S 2020-R40B,196,164,185
NCS S 2030-R40B,199,139,184
NCS S 2040-R40B,202,119,200
NCS S 2050-R40B,184,83,183
NCS S 2060-R40B,172,48,163
NCS S 3010-R40B,163,146,156
NCS S 3020-R40B,153,124,143
NCS S 3030-R40B,158,114,152
NCS S 3040-R40B,152,78,134
NCS S 3050-R40B,141,44,125
NCS S 3055-R40B,139,5,127
NCS S 4020-R40B,127,99,119
NCS S 4030-R40B,123,73,109
NCS S 4040-R40B,122,47,110
NCS S 4050-R40B,109,1,104
NCS S 5020-R40B,108,78,97
NCS S 5030-R40B,98,50,88
NCS S 5040-R40B,84,0,83
NCS S 6020-R40B,83,50,75
NCS S 6030-R40B,59,0,65
NCS S 7020-R40B,37,2,29
NCS S 0505-R50B,255,250,253
NCS S 0510-R50B,252,245,250
NCS S 0520-R50B,248,227,247
NCS S 0530-R50B,238,199,239
NCS S 0804-R50B,246,246,249
NCS S 0907-R50B,239,235,239
NCS S 1005-R50B,231,226,230
NCS S 1010-R50B,232,223,233
NCS S 1020-R50B,236,209,245
NCS S 1030-R50B,234,193,237
NCS S 1040-R50B,221,170,231
NCS S 2005-R50B,189,185,189
NCS S 2010-R50B,191,180,191
NCS S 2020-R50B,196,165,205
NCS S 2030-R50B,200,158,215
NCS S 2040-R50B,193,128,213
NCS S 2050-R50B,169,87,193
NCS S 3005-R50B,160,156,164
NCS S 3010-R50B,161,150,161
NCS S 3020-R50B,159,138,166
NCS S 3030-R50B,160,117,175
NCS S 3040-R50B,155,84,169
NCS S 3050-R50B,148,59,169
NCS S 3055-R50B,129,38,163
NCS S 4005-R50B,126,127,138
NCS S 4010-R50B,129,124,141
NCS S 4020-R50B,126,106,133
NCS S 4030-R50B,112,77,121
NCS S 4040-R50B,119,57,130
NCS S 4050-R50B,86,0,124
NCS S 5005-R50B,117,116,121
NCS S 5010-R50B,110,102,113
NCS S 5020-R50B,104,79,110
NCS S 5030-R50B,94,54,100
NCS S 5040-R50B,77,16,99
NCS S 6005-R50B,93,89,94
NCS S 6010-R50B,88,76,86
NCS S 6020-R50B,77,55,79
NCS S 6030-R50B,58,0,75
NCS S 7005-R50B,62,58,63
NCS S 7010-R50B,61,54,64
NCS S 7020-R50B,39,0,45
NCS S 8005-R50B,18,24,32
NCS S 8010-R50B,29,7,36
NCS S 0505-R60B,252,250,253
NCS S 0507-R60B,249,246,251
NCS S 0510-R60B,244,241,251
NCS S 0515-R60B,238,234,250
NCS S 0520-R60B,233,230,249
NCS S 0525-R60B,223,220,245
NCS S 0603-R60B,247,246,249
NCS S 1005-R60B,236,235,240
NCS S 1010-R60B,229,227,238
NCS S 1015-R60B,221,217,234
NCS S 1020-R60B,221,213,244
NCS S 1030-R60B,203,191,236
NCS S 1040-R60B,198,175,232
NCS S 1510-R60B,209,207,217
NCS S 1515-R60B,202,197,218
NCS S 2005-R60B,193,192,199
NCS S 2010-R60B,192,191,201
NCS S 2020-R60B,171,162,198
NCS S 2030-R60B,186,173,229
NCS S 2040-R60B,178,148,221
NCS S 2050-R60B,146,95,194
NCS S 3010-R60B,157,155,169
NCS S 3020-R60B,153,147,175
NCS S 3030-R60B,133,115,170
NCS S 3040-R60B,128,101,182
NCS S 3050-R60B,111,68,175
NCS S 3555-R60B,70,33,147
NCS S 4020-R60B,113,109,138
NCS S 4030-R60B,95,81,128
NCS S 4040-R60B,89,59,123
NCS S 4050-R60B,73,39,127
NCS S 5020-R60B,86,78,111
NCS S 5030-R60B,75,62,103
NCS S 5040-R60B,56,16,103
NCS S 6020-R60B,69,58,91
NCS S 6030-R60B,44,17,83
NCS S 7020-R60B,20,4,45
NCS S 0505-R70B,248,249,253
NCS S 0510-R70B,242,244,252
NCS S 0520-R70B,227,230,248
NCS S 0525-R70B,215,224,245
NCS S 0804-R70B,238,239,243
NCS S 0907-R70B,235,236,241
NCS S 1005-R70B,229,232,237
NCS S 1010-R70B,219,223,233
NCS S 1020-R70B,208,221,243
NCS S 1030-R70B,193,209,238
NCS S 1040-R70B,177,190,229
NCS S 1550-R70B,148,156,212
NCS S 1555-R70B,125,131,197
NCS S 2005-R70B,189,191,198
NCS S 2010-R70B,175,184,199
NCS S 2020-R70B,163,170,200
NCS S 2030-R70B,152,158,199
NCS S 2040-R70B,135,149,206
NCS S 2050-R70B,125,131,197
NCS S 2060-R70B,87,87,169
NCS S 3010-R70B,150,154,165
NCS S 3020-R70B,134,145,169
NCS S 3030-R70B,130,135,175
NCS S 3040-R70B,110,113,180
NCS S 3050-R70B,81,88,167
NCS S 3060-R70B,64,63,154
NCS S 4010-R70B,120,125,137
NCS S 4020-R70B,106,109,139
NCS S 4030-R70B,100,97,142
NCS S 4040-R70B,81,81,139
NCS S 4050-R70B,52,53,137
NCS S 4055-R70B,45,46,140
NCS S 4550-R70B,39,39,124
NCS S 5010-R70B,100,107,117
NCS S 5020-R70B,84,86,113
NCS S 5030-R70B,66,65,111
NCS S 5040-R70B,44,42,105
NCS S 5540-R70B,25,34,99
NCS S 6010-R70B,99,101,113
NCS S 6020-R70B,60,58,91
NCS S 6030-R70B,15,30,83
NCS S 7010-R70B,49,50,63
NCS S 7020-R70B,12,10,40
NCS S 8010-R70B,19,22,32
NCS S 0505-R80B,246,249,253
NCS S 0507-R80B,244,249,253
NCS S 0510-R80B,238,247,252
NCS S 0515-R80B,228,242,250
NCS S 0520-R80B,218,237,249
NCS S 0530-R80B,194,223,242
NCS S 0603-R80B,247,249,250
NCS S 1005-R80B,225,229,233
NCS S 1010-R80B,217,226,233
NCS S 1015-R80B,216,233,247
NCS S 1020-R80B,205,226,245
NCS S 1030-R80B,182,212,237
NCS S 1040-R80B,156,196,228
NCS S 1510-R80B,197,209,219
NCS S 1515-R80B,187,204,217
NCS S 1550-R80B,116,165,211
NCS S 1555-R80B,85,151,201
NCS S 2005-R80B,187,193,196
NCS S 2010-R80B,183,194,205
NCS S 2020-R80B,153,177,202
NCS S 2030-R80B,128,171,209
NCS S 2040-R80B,112,159,205
NCS S 2050-R80B,89,144,198
NCS S 2060-R80B,63,124,185
NCS S 2565-R80B,0,86,158
NCS S 3005-R80B,150,156,159
NCS S 3010-R80B,141,152,159
NCS S 3020-R80B,122,141,168
NCS S 3030-R80B,106,133,166
NCS S 3040-R80B,81,115,173
NCS S 3050-R80B,37,100,166
NCS S 3060-R80B,19,74,152
NCS S 3560-R80B,16,61,130
NCS S 4005-R80B,128,132,138
NCS S 4020-R80B,90,112,136
NCS S 4030-R80B,78,104,142
NCS S 4040-R80B,56,91,148
NCS S 4050-R80B,17,61,131
NCS S 4550-R80B,11,47,107
NCS S 5005-R80B,107,110,116
NCS S 5020-R80B,71,90,114
NCS S 5030-R80B,45,74,109
NCS S 5040-R80B,5,54,101
NCS S 6005-R80B,80,88,94
NCS S 6020-R80B,39,65,97
NCS S 6030-R80B,3,35,82
NCS S 7005-R80B,56,62,69
NCS S 7020-R80B,3,21,49
NCS S 8005-R80B,26,33,39
NCS S 8505-R80B,0,12,21
NCS S 0505-R90B,246,251,253
NCS S 0510-R90B,236,247,252
NCS S 0515-R90B,226,242,251
NCS S 0520-R90B,212,237,249
NCS S 0530-R90B,186,226,243
NCS S 0540-R90B,158,212,235
NCS S 0804-R90B,235,241,244
NCS S 0907-R90B,229,235,238
NCS S 1005-R90B,225,231,235
NCS S 1010-R90B,213,226,233
NCS S 1015-R90B,205,222,232
NCS S 1020-R90B,188,216,229
NCS S 1030-R90B,167,203,223
NCS S 1040-R90B,136,195,226
NCS S 1050-R90B,109,183,219
NCS S 1510-R90B,190,200,206
NCS S 1515-R90B,182,204,214
NCS S 1560-R90B,43,149,199
NCS S 2005-R90B,190,198,202
NCS S 2010-R90B,175,191,198
NCS S 2020-R90B,153,180,197
NCS S 2030-R90B,125,169,191
NCS S 2040-R90B,99,155,192
NCS S 2050-R90B,47,140,187
NCS S 2060-R90B,0,131,188
NCS S 2065-R90B,0,117,179
NCS S 3010-R90B,134,150,162
NCS S 3020-R90B,108,141,158
NCS S 3030-R90B,97,138,167
NCS S 3040-R90B,60,128,166
NCS S 3050-R90B,21,110,156
NCS S 3060-R90B,0,89,152
NCS S 3065-R90B,0,85,146
NCS S 3560-R90B,0,76,133
NCS S 4010-R90B,109,124,135
NCS S 4020-R90B,92,115,132
NCS S 4030-R90B,64,108,135
NCS S 4040-R90B,28,88,130
NCS S 4050-R90B,0,67,120
NCS S 4550-R90B,0,60,105
NCS S 5010-R90B,96,109,118
NCS S 5020-R90B,70,96,112
NCS S 5030-R90B,36,82,110
NCS S 5040-R90B,0,58,105
NCS S 5540-R90B,0,48,90
NCS S 6010-R90B,71,85,93
NCS S 6020-R90B,41,76,94
NCS S 6030-R90B,0,51,81
NCS S 7010-R90B,45,59,69
NCS S 7020-R90B,0,24,41
NCS S 8010-R90B,0,7,13
NCS S 0505-B,247,252,251
NCS S 0507-B,244,251,251
NCS S 0510-B,235,248,251
NCS S 0515-B,226,245,251
NCS S 0520-B,216,241,249
NCS S 0530-B,194,232,244
NCS S 0540-B,162,221,238
NCS S 1005-B,225,231,233
NCS S 1010-B,212,226,231
NCS S 1015-B,202,223,231
NCS S 1020-B,189,218,229
NCS S 1030-B,157,206,223
NCS S 1040-B,127,195,216
NCS S 1050-B,71,176,207
NCS S 1060-B,7,166,203
NCS S 1510-B,215,228,232
NCS S 1515-B,208,225,232
NCS S 1565-B,0,135,178
NCS S 2005-B,186,196,200
NCS S 2010-B,171,192,200
NCS S 2020-B,151,184,196
NCS S 2030-B,116,169,188
NCS S 2040-B,87,158,184
NCS S 2050-B,0,139,174
NCS S 2060-B,0,130,170
NCS S 2065-B,0,116,162
NCS S 3010-B,136,154,162
NCS S 3020-B,108,144,160
NCS S 3030-B,84,133,154
NCS S 3040-B,37,122,150
NCS S 3050-B,0,113,146
NCS S 3060-B,0,93,132
NCS S 4020-B,84,118,135
NCS S 4030-B,54,101,115
NCS S 4040-B,0,96,124
NCS S 4050-B,0,86,118
NCS S 4055-B,0,82,113
NCS S 4550-B,0,70,95
NCS S 5020-B,70,103,116
NCS S 5030-B,28,84,106
NCS S 5040-B,0,71,95
NCS S 5540-B,0,45,64
NCS S 6020-B,29,63,75
NCS S 6030-B,0,46,66
NCS S 7020-B,0,26,40
NCS S 0510-B10G,233,249,249
NCS S 0520-B10G,211,242,247
NCS S 0530-B10G,180,230,240
NCS S 0540-B10G,151,220,232
NCS S 1010-B10G,212,231,232
NCS S 1020-B10G,188,235,240
NCS S 1030-B10G,157,223,233
NCS S 1040-B10G,128,214,223
NCS S 1050-B10G,69,195,212
NCS S 1555-B10G,0,166,186
NCS S 2010-B10G,170,192,196
NCS S 2020-B10G,144,193,200
NCS S 2030-B10G,120,186,198
NCS S 2040-B10G,83,167,181
NCS S 2050-B10G,0,152,172
NCS S 2055-B10G,0,145,164
NCS S 3010-B10G,134,151,153
NCS S 3020-B10G,110,156,164
NCS S 3030-B10G,80,142,153
NCS S 3040-B10G,36,130,145
NCS S 3050-B10G,0,114,136
NCS S 3060-B10G,0,103,127
NCS S 4010-B10G,113,127,130
NCS S 4020-B10G,88,123,130
NCS S 4030-B10G,59,114,126
NCS S 4040-B10G,0,99,114
NCS S 4050-B10G,0,85,106
NCS S 5010-B10G,90,110,112
NCS S 5020-B10G,67,105,113
NCS S 5030-B10G,28,94,109
NCS S 5040-B10G,0,70,85
NCS S 5045-B10G,0,68,82
NCS S 5540-B10G,0,58,70
NCS S 6010-B10G,72,93,96
NCS S 6020-B10G,35,74,83
NCS S 6030-B10G,0,49,64
NCS S 7010-B10G,39,57,59
NCS S 7020-B10G,0,40,50
NCS S 8010-B10G,0,19,24
NCS S 0505-B20G,243,252,246
NCS S 0507-B20G,242,251,246
NCS S 0515-B20G,223,247,247
NCS S 0907-B20G,232,250,249
NCS S 1005-B20G,223,235,232
NCS S 1015-B20G,206,242,242
NCS S 1040-B20G,122,213,219
NCS S 1050-B20G,78,200,204
NCS S 1510-B20G,189,220,221
NCS S 1515-B20G,180,217,219
NCS S 2005-B20G,185,196,195
NCS S 2040-B20G,74,182,186
NCS S 2050-B20G,0,168,173
NCS S 2555-B20G,0,137,147
NCS S 3005-B20G,151,164,161
NCS S 3040-B20G,0,134,144
NCS S 3050-B20G,0,130,139
NCS S 3060-B20G,0,114,120
NCS S 4005-B20G,128,139,136
NCS S 4040-B20G,0,107,112
NCS S 4050-B20G,0,97,101
NCS S 4550-B20G,0,87,93
NCS S 5005-B20G,111,121,119
NCS S 5040-B20G,0,87,92
NCS S 5540-B20G,0,68,71
NCS S 6005-B20G,85,96,95
NCS S 7005-B20G,49,61,62
NCS S 8005-B20G,25,36,38
NCS S 8505-B20G,1,16,20
NCS S 0510-B30G,231,250,246
NCS S 0520-B30G,217,246,243
NCS S 0530-B30G,190,238,236
NCS S 0540-B30G,162,229,226
NCS S 1010-B30G,218,245,244
NCS S 1020-B30G,190,238,236
NCS S 1030-B30G,155,226,224
NCS S 1040-B30G,136,221,215
NCS S 1050-B30G,67,198,198
NCS S 2010-B30G,168,197,197
NCS S 2020-B30G,159,211,208
NCS S 2030-B30G,123,217,211
NCS S 2040-B30G,79,197,190
NCS S 2050-B30G,0,184,180
NCS S 2555-B30G,0,144,142
NCS S 3010-B30G,134,162,163
NCS S 3020-B30G,114,161,164
NCS S 3030-B30G,84,155,151
NCS S 3040-B30G,0,144,142
NCS S 3050-B30G,0,131,131
NCS S 3060-B30G,0,120,123
NCS S 4010-B30G,112,132,129
NCS S 4020-B30G,84,128,124
NCS S 4030-B30G,53,120,117
NCS S 4040-B30G,0,115,113
NCS S 4050-B30G,0,100,101
NCS S 4550-B30G,0,86,88
NCS S 5010-B30G,90,109,108
NCS S 5020-B30G,67,104,101
NCS S 5030-B30G,31,98,98
NCS S 5040-B30G,0,86,88
NCS S 5540-B30G,0,67,69
NCS S 6010-B30G,71,91,91
NCS S 6020-B30G,38,79,79
NCS S 6030-B30G,0,70,69
NCS S 6530-B30G,0,48,50
NCS S 7010-B30G,42,59,60
NCS S 7020-B30G,0,38,39
NCS S 8010-B30G,15,30,26
NCS S 0520-B40G,202,242,237
NCS S 0530-B40G,167,231,228
NCS S 1020-B40G,193,239,236
NCS S 1030-B40G,168,232,225
NCS S 1040-B40G,123,217,208
NCS S 1050-B40G,59,199,191
NCS S 2020-B40G,163,213,205
NCS S 2030-B40G,109,203,193
NCS S 2040-B40G,67,191,182
NCS S 2050-B40G,0,186,175
NCS S 2555-B40G,0,144,126
NCS S 3020-B40G,121,163,158
NCS S 3030-B40G,67,163,152
NCS S 3040-B40G,0,151,143
NCS S 3050-B40G,0,141,127
NCS S 3060-B40G,0,125,119
NCS S 4040-B40G,0,111,108
NCS S 4050-B40G,0,106,99
NCS S 4055-B40G,0,99,90
NCS S 4550-B40G,0,89,83
NCS S 5040-B40G,0,85,79
NCS S 5540-B40G,0,77,71
NCS S 0505-B50G,243,252,245
NCS S 0510-B50G,231,250,242
NCS S 0515-B50G,210,245,239
NCS S 0520-B50G,197,241,234
NCS S 0530-B50G,184,238,227
NCS S 0804-B50G,240,252,245
NCS S 1005-B50G,227,239,235
NCS S 1010-B50G,223,248,241
NCS S 1015-B50G,205,243,238
NCS S 1020-B50G,193,241,232
NCS S 1030-B50G,167,232,222
NCS S 1040-B50G,122,217,206
NCS S 1050-B50G,23,193,182
NCS S 1510-B50G,190,221,215
NCS S 1515-B50G,185,228,224
NCS S 2005-B50G,186,203,199
NCS S 2010-B50G,168,197,192
NCS S 2020-B50G,150,209,197
NCS S 2030-B50G,112,205,189
NCS S 2040-B50G,64,190,174
NCS S 2050-B50G,0,177,160
NCS S 2060-B50G,0,162,143
NCS S 3010-B50G,138,164,160
NCS S 3020-B50G,114,162,154
NCS S 3030-B50G,64,165,152
NCS S 3040-B50G,0,146,132
NCS S 3050-B50G,0,142,127
NCS S 3055-B50G,0,130,110
NCS S 4010-B50G,114,133,129
NCS S 4020-B50G,84,127,118
NCS S 4030-B50G,0,121,111
NCS S 4040-B50G,0,116,104
NCS S 4050-B50G,0,104,88
NCS S 4550-B50G,0,92,77
NCS S 5010-B50G,90,109,104
NCS S 5020-B50G,56,108,94
NCS S 5030-B50G,0,93,83
NCS S 5040-B50G,0,88,73
NCS S 5540-B50G,0,66,55
NCS S 6010-B50G,70,94,88
NCS S 6020-B50G,22,88,80
NCS S 6030-B50G,0,68,62
NCS S 6530-B50G,0,64,57
NCS S 7010-B50G,37,62,57
NCS S 7020-B50G,0,50,44
NCS S 8010-B50G,12,38,34
NCS S 0520-B60G,209,245,236
NCS S 0530-B60G,190,240,224
NCS S 1020-B60G,203,243,235
NCS S 1030-B60G,183,238,222
NCS S 1040-B60G,149,228,208
NCS S 1050-B60G,72,203,182
NCS S 2020-B60G,158,218,199
NCS S 2030-B60G,123,219,200
NCS S 2040-B60G,82,206,185
NCS S 2050-B60G,0,188,169
NCS S 2555-B60G,0,163,139
NCS S 3020-B60G,114,170,156
NCS S 3030-B60G,65,159,144
NCS S 3040-B60G,0,158,137
NCS S 3050-B60G,0,135,109
NCS S 3555-B60G,0,119,100
NCS S 4040-B60G,0,115,97
NCS S 4050-B60G,0,104,85
NCS S 5040-B60G,0,85,70
NCS S 6035-B60G,0,47,39
NCS S 0510-B70G,223,249,235
NCS S 0520-B70G,204,244,225
NCS S 0530-B70G,195,242,223
NCS S 1010-B70G,210,236,225
NCS S 1020-B70G,198,243,230
NCS S 1030-B70G,175,235,214
NCS S 1040-B70G,129,220,195
NCS S 1050-B70G,84,206,178
NCS S 2010-B70G,169,197,191
NCS S 2020-B70G,148,216,188
NCS S 2030-B70G,115,206,180
NCS S 2040-B70G,74,204,178
NCS S 2050-B70G,0,190,163
NCS S 2060-B70G,0,162,135
NCS S 3010-B70G,142,165,160
NCS S 3020-B70G,117,165,145
NCS S 3030-B70G,58,160,141
NCS S 3040-B70G,0,160,133
NCS S 3050-B70G,0,140,111
NCS S 3060-B70G,0,120,96
NCS S 4010-B70G,108,135,125
NCS S 4020-B70G,80,124,108
NCS S 4030-B70G,44,128,109
NCS S 4040-B70G,0,114,90
NCS S 4050-B70G,0,103,79
NCS S 5010-B70G,99,118,108
NCS S 5020-B70G,54,112,98
NCS S 5030-B70G,0,104,86
NCS S 5040-B70G,0,83,65
NCS S 6010-B70G,71,90,79
NCS S 6020-B70G,25,90,72
NCS S 6030-B70G,0,64,49
NCS S 7010-B70G,38,63,52
NCS S 7020-B70G,0,47,34
NCS S 8010-B70G,2,34,22
NCS S 0505-B80G,243,253,243
NCS S 0507-B80G,240,251,240
NCS S 0515-B80G,223,249,235
NCS S 0907-B80G,233,251,242
NCS S 1005-B80G,228,239,229
NCS S 1015-B80G,211,245,230
NCS S 1040-B80G,145,225,194
NCS S 1050-B80G,130,219,184
NCS S 1510-B80G,198,231,222
NCS S 1515-B80G,194,242,227
NCS S 2005-B80G,185,202,190
NCS S 2040-B80G,89,206,171
NCS S 2050-B80G,30,192,151
NCS S 2555-B80G,0,155,119
NCS S 3005-B80G,147,160,151
NCS S 3040-B80G,0,157,124
NCS S 3050-B80G,0,142,110
NCS S 3555-B80G,0,117,88
NCS S 4005-B80G,127,138,131
NCS S 4040-B80G,0,115,86
NCS S 4050-B80G,0,103,77
NCS S 4550-B80G,0,87,64
NCS S 5005-B80G,105,115,110
NCS S 5040-B80G,0,82,62
NCS S 5540-B80G,0,70,51
NCS S 6005-B80G,85,96,88
NCS S 7005-B80G,53,66,62
NCS S 8005-B80G,21,40,30
NCS S 8505-B80G,0,18,9
NCS S 0510-B90G,231,250,231
NCS S 0520-B90G,221,249,221
NCS S 0530-B90G,204,244,208
NCS S 1010-B90G,223,249,232
NCS S 1020-B90G,194,241,208
NCS S 1030-B90G,170,234,198
NCS S 1040-B90G,159,229,193
NCS S 1050-B90G,144,224,184
NCS S 1055-B90G,131,219,178
NCS S 2010-B90G,183,217,196
NCS S 2020-B90G,148,205,172
NCS S 2030-B90G,133,221,186
NCS S 2040-B90G,93,206,166
NCS S 2050-B90G,41,192,145
NCS S 2060-B90G,0,171,121
NCS S 3010-B90G,146,169,158
NCS S 3020-B90G,115,165,138
NCS S 3030-B90G,63,157,119
NCS S 3040-B90G,26,159,119
NCS S 3050-B90G,0,146,104
NCS S 3060-B90G,0,135,92
NCS S 4010-B90G,111,132,115
NCS S 4020-B90G,84,125,103
NCS S 4030-B90G,43,125,92
NCS S 4040-B90G,0,118,79
NCS S 4050-B90G,0,108,72
NCS S 4550-B90G,0,88,57
NCS S 5010-B90G,86,113,97
NCS S 5020-B90G,57,108,83
NCS S 5030-B90G,33,102,69
NCS S 5040-B90G,0,81,52
NCS S 5540-B90G,0,62,39
NCS S 6010-B90G,67,95,78
NCS S 6020-B90G,18,74,53
NCS S 6030-B90G,0,70,46
NCS S 7010-B90G,49,72,58
NCS S 7020-B90G,0,46,29
NCS S 8010-B90G,12,37,23
NCS S 0505-G,244,252,239
NCS S 0507-G,245,252,236
NCS S 0510-G,240,251,235
NCS S 0515-G,237,251,231
NCS S 0520-G,232,250,232
NCS S 0530-G,214,247,214
NCS S 0540-G,180,238,182
NCS S 1005-G,234,242,231
NCS S 1010-G,219,248,224
NCS S 1015-G,214,247,219
NCS S 1020-G,204,244,211
NCS S 1030-G,169,233,185
NCS S 1040-G,157,229,183
NCS S 1050-G,137,222,160
NCS S 1060-G,70,195,124
NCS S 1510-G,204,222,200
NCS S 1515-G,182,226,196
NCS S 1565-G,0,175,114
NCS S 2005-G,180,194,182
NCS S 2010-G,179,205,182
NCS S 2020-G,159,213,170
NCS S 2030-G,130,218,153
NCS S 2040-G,103,207,147
NCS S 2050-G,50,189,126
NCS S 2060-G,0,178,112
NCS S 2565-G,0,146,80
NCS S 3010-G,142,165,149
NCS S 3020-G,120,158,128
NCS S 3030-G,91,158,109
NCS S 3040-G,42,160,110
NCS S 3050-G,0,147,94
NCS S 3060-G,0,125,68
NCS S 3560-G,0,114,62
NCS S 4020-G,72,125,100
NCS S 4030-G,56,130,87
NCS S 4040-G,0,113,68
NCS S 4050-G,0,93,48
NCS S 4550-G,0,85,46
NCS S 5020-G,67,110,83
NCS S 5030-G,0,98,62
NCS S 5040-G,0,80,38
NCS S 5540-G,0,60,28
NCS S 6020-G,18,73,51
NCS S 6030-G,0,59,22
NCS S 7020-G,0,44,15
NCS S 0505-G10Y,246,253,239
NCS S 0510-G10Y,241,251,234
NCS S 0520-G10Y,231,249,215
NCS S 0530-G10Y,213,244,195
NCS S 0540-G10Y,182,237,172
NCS S 0550-G10Y,169,234,160
NCS S 0560-G10Y,138,222,151
NCS S 0565-G10Y,120,213,136
NCS S 1005-G10Y,230,239,224
NCS S 1010-G10Y,229,249,221
NCS S 1020-G10Y,210,245,203
NCS S 1030-G10Y,189,240,182
NCS S 1040-G10Y,183,237,169
NCS S 1050-G10Y,156,228,146
NCS S 1060-G10Y,103,206,125
NCS S 1070-G10Y,65,192,108
NCS S 2005-G10Y,185,197,184
NCS S 2010-G10Y,179,203,180
NCS S 2020-G10Y,159,205,157
NCS S 2030-G10Y,136,207,146
NCS S 2040-G10Y,115,211,132
NCS S 2050-G10Y,77,196,113
NCS S 2060-G10Y,0,177,93
NCS S 2070-G10Y,0,152,74
NCS S 3010-G10Y,146,167,143
NCS S 3020-G10Y,121,165,128
NCS S 3030-G10Y,95,158,108
NCS S 3040-G10Y,67,159,100
NCS S 3050-G10Y,14,145,85
NCS S 3060-G10Y,0,130,64
NCS S 3065-G10Y,0,124,63
NCS S 3560-G10Y,0,99,49
NCS S 4010-G10Y,113,133,111
NCS S 4020-G10Y,88,128,92
NCS S 4030-G10Y,64,121,77
NCS S 4040-G10Y,0,116,59
NCS S 4050-G10Y,0,110,53
NCS S 4550-G10Y,0,85,41
NCS S 5010-G10Y,94,111,88
NCS S 5020-G10Y,61,110,72
NCS S 5030-G10Y,34,102,60
NCS S 5040-G10Y,0,84,30
NCS S 5540-G10Y,0,68,28
NCS S 6010-G10Y,76,95,76
NCS S 6020-G10Y,46,79,50
NCS S 6030-G10Y,0,68,20
NCS S 6530-G10Y,0,48,13
NCS S 7010-G10Y,57,81,58
NCS S 7020-G10Y,0,52,26
NCS S 8010-G10Y,19,40,15
NCS S 0505-G20Y,248,252,238
NCS S 0510-G20Y,244,252,229
NCS S 0515-G20Y,235,250,221
NCS S 0520-G20Y,230,248,207
NCS S 0530-G20Y,211,242,182
NCS S 0540-G20Y,190,237,158
NCS S 0550-G20Y,176,232,145
NCS S 0560-G20Y,159,222,117
NCS S 0570-G20Y,122,211,102
NCS S 0575-G20Y,52,183,51
NCS S 0804-G20Y,244,248,235
NCS S 0907-G20Y,231,241,222
NCS S 1005-G20Y,232,239,223
NCS S 1010-G20Y,227,240,205
NCS S 1015-G20Y,222,246,202
NCS S 1020-G20Y,210,243,185
NCS S 1030-G20Y,200,240,174
NCS S 1040-G20Y,187,236,155
NCS S 1050-G20Y,160,221,112
NCS S 1060-G20Y,125,205,75
NCS S 1070-G20Y,79,189,45
NCS S 1075-G20Y,0,173,16
NCS S 1510-G20Y,200,218,186
NCS S 1515-G20Y,196,227,182
NCS S 2005-G20Y,186,194,181
NCS S 2010-G20Y,177,198,170
NCS S 2020-G20Y,166,210,155
NCS S 2030-G20Y,144,207,124
NCS S 2040-G20Y,117,194,104
NCS S 2050-G20Y,88,192,83
NCS S 2060-G20Y,32,175,61
NCS S 2070-G20Y,0,165,29
NCS S 2075-G20Y,0,161,52
NCS S 2570-G20Y,0,140,50
NCS S 3005-G20Y,153,161,145
NCS S 3010-G20Y,155,170,143
NCS S 3020-G20Y,133,167,125
NCS S 3030-G20Y,107,151,97
NCS S 3040-G20Y,89,150,81
NCS S 3050-G20Y,56,147,75
NCS S 3060-G20Y,0,135,48
NCS S 3560-G20Y,0,117,41
NCS S 4005-G20Y,123,132,121
NCS S 4040-G20Y,42,120,51
NCS S 4050-G20Y,0,106,32
NCS S 4550-G20Y,0,89,30
NCS S 5005-G20Y,104,113,95
NCS S 5040-G20Y,0,89,22
NCS S 5540-G20Y,0,72,10
NCS S 6005-G20Y,83,92,78
NCS S 7005-G20Y,58,68,54
NCS S 8005-G20Y,34,44,32
NCS S 8505-G20Y,23,32,22
NCS S 0505-G30Y,249,252,234
NCS S 0510-G30Y,246,251,225
NCS S 0520-G30Y,237,249,207
NCS S 0530-G30Y,221,244,183
NCS S 0540-G30Y,208,239,159
NCS S 0550-G30Y,189,231,133
NCS S 0560-G30Y,176,222,106
NCS S 0570-G30Y,161,213,78
NCS S 0580-G30Y,124,199,42
NCS S 1005-G30Y,236,240,228
NCS S 1010-G30Y,230,239,208
NCS S 1020-G30Y,219,244,186
NCS S 1030-G30Y,201,238,159
NCS S 1040-G30Y,189,231,133
NCS S 1050-G30Y,175,222,106
NCS S 1060-G30Y,161,213,78
NCS S 1070-G30Y,124,199,41
NCS S 1080-G30Y,79,184,0
NCS S 2005-G30Y,185,194,180
NCS S 2010-G30Y,188,200,173
NCS S 2020-G30Y,167,193,142
NCS S 2030-G30Y,154,188,115
NCS S 2040-G30Y,136,189,101
NCS S 2050-G30Y,109,179,45
NCS S 2060-G30Y,80,177,0
NCS S 2070-G30Y,62,164,0
NCS S 2075-G30Y,0,159,17
NCS S 2570-G30Y,48,140,0
NCS S 3010-G30Y,163,173,145
NCS S 3020-G30Y,142,164,122
NCS S 3030-G30Y,120,152,92
NCS S 3040-G30Y,106,145,63
NCS S 3050-G30Y,74,134,23
NCS S 3060-G30Y,44,133,0
NCS S 3560-G30Y,1,108,0
NCS S 4010-G30Y,118,130,101
NCS S 4020-G30Y,112,132,90
NCS S 4030-G30Y,85,121,63
NCS S 4040-G30Y,42,121,22
NCS S 4050-G30Y,2,108,0
NCS S 4550-G30Y,7,93,0
NCS S 5010-G30Y,94,108,79
NCS S 5020-G30Y,79,108,67
NCS S 5030-G30Y,65,98,36
NCS S 5040-G30Y,41,94,2
NCS S 5540-G30Y,24,72,0
NCS S 6010-G30Y,86,98,76
NCS S 6020-G30Y,60,85,40
NCS S 6030-G30Y,43,73,18
NCS S 7010-G30Y,69,85,62
NCS S 7020-G30Y,29,57,9
NCS S 8010-G30Y,26,41,12
NCS S 0505-G40Y,250,252,231
NCS S 0507-G40Y,249,252,229
NCS S 0510-G40Y,246,251,225
NCS S 0515-G40Y,240,250,213
NCS S 0520-G40Y,241,248,203
NCS S 0530-G40Y,231,245,182
NCS S 0540-G40Y,224,242,161
NCS S 0550-G40Y,214,236,135
NCS S 0560-G40Y,205,230,111
NCS S 0570-G40Y,190,221,80
NCS S 0575-G40Y,160,208,45
NCS S 0603-G40Y,246,248,238
NCS S 1005-G40Y,237,239,219
NCS S 1010-G40Y,231,236,202
NCS S 1015-G40Y,234,246,193
NCS S 1020-G40Y,226,243,172
NCS S 1030-G40Y,218,238,147
NCS S 1040-G40Y,203,231,122
NCS S 1050-G40Y,192,226,104
NCS S 1060-G40Y,170,211,47
NCS S 1070-G40Y,159,206,18
NCS S 1075-G40Y,142,200,0
NCS S 1510-G40Y,214,223,192
NCS S 1515-G40Y,207,219,169
NCS S 2005-G40Y,190,195,181
NCS S 2010-G40Y,191,201,173
NCS S 2020-G40Y,180,194,139
NCS S 2030-G40Y,164,190,111
NCS S 2040-G40Y,153,183,94
NCS S 2050-G40Y,141,176,72
NCS S 2060-G40Y,115,180,0
NCS S 2070-G40Y,104,173,0
NCS S 3010-G40Y,158,168,140
NCS S 3020-G40Y,142,163,114
NCS S 3030-G40Y,134,157,93
NCS S 3040-G40Y,123,148,68
NCS S 3050-G40Y,98,134,17
NCS S 3060-G40Y,80,134,0
NCS S 3065-G40Y,70,127,0
NCS S 3560-G40Y,47,113,0
NCS S 4040-G40Y,75,112,5
NCS S 4050-G40Y,55,107,0
NCS S 4550-G40Y,51,102,0
NCS S 5040-G40Y,57,92,0
NCS S 5540-G40Y,36,78,0
NCS S 0505-G50Y,252,252,231
NCS S 0510-G50Y,251,251,227
NCS S 0520-G50Y,246,249,203
NCS S 0530-G50Y,239,245,183
NCS S 0540-G50Y,234,243,157
NCS S 0550-G50Y,226,239,132
NCS S 0560-G50Y,215,232,106
NCS S 0565-G50Y,203,224,76
NCS S 1005-G50Y,237,239,216
NCS S 1010-G50Y,235,237,202
NCS S 1020-G50Y,240,246,179
NCS S 1030-G50Y,225,238,136
NCS S 1040-G50Y,220,234,110
NCS S 1050-G50Y,210,227,81
NCS S 1060-G50Y,197,218,49
NCS S 1070-G50Y,173,207,0
NCS S 1075-G50Y,154,200,0
NCS S 2005-G50Y,193,196,178
NCS S 2010-G50Y,195,201,172
NCS S 2020-G50Y,177,191,138
NCS S 2030-G50Y,174,189,113
NCS S 2040-G50Y,166,182,91
NCS S 2050-G50Y,145,176,42
NCS S 2060-G50Y,140,179,17
NCS S 2070-G50Y,121,177,0
NCS S 3005-G50Y,160,164,146
NCS S 3010-G50Y,156,161,126
NCS S 3020-G50Y,154,165,116
NCS S 3030-G50Y,139,152,74
NCS S 3040-G50Y,134,152,58
NCS S 3050-G50Y,119,140,19
NCS S 3060-G50Y,105,140,0
NCS S 3065-G50Y,95,138,0
NCS S 3560-G50Y,81,116,0
NCS S 4005-G50Y,133,136,122
NCS S 4010-G50Y,129,135,108
NCS S 4020-G50Y,124,134,91
NCS S 4030-G50Y,108,126,59
NCS S 4040-G50Y,96,119,37
NCS S 4050-G50Y,72,109,0
NCS S 4550-G50Y,72,106,0
NCS S 5005-G50Y,117,119,102
NCS S 5010-G50Y,112,116,92
NCS S 5020-G50Y,102,109,62
NCS S 5030-G50Y,92,105,49
NCS S 5040-G50Y,68,97,0
NCS S 5540-G50Y,58,80,0
NCS S 6005-G50Y,91,94,81
NCS S 6010-G50Y,90,93,72
NCS S 6020-G50Y,82,89,43
NCS S 6030-G50Y,61,77,17
NCS S 6530-G50Y,33,56,0
NCS S 7005-G50Y,63,66,50
NCS S 7010-G50Y,81,87,60
NCS S 7020-G50Y,48,59,22
NCS S 8005-G50Y,42,45,27
NCS S 8010-G50Y,37,44,14
NCS S 0505-G60Y,253,251,230
NCS S 0510-G60Y,252,251,225
NCS S 0515-G60Y,250,249,216
NCS S 0520-G60Y,248,248,203
NCS S 0530-G60Y,240,244,172
NCS S 0540-G60Y,235,241,135
NCS S 0550-G60Y,232,234,106
NCS S 0560-G60Y,223,229,80
NCS S 0570-G60Y,211,221,47
NCS S 0575-G60Y,198,214,0
NCS S 0804-G60Y,248,248,235
NCS S 0907-G60Y,242,244,222
NCS S 1005-G60Y,239,240,221
NCS S 1010-G60Y,242,243,193
NCS S 1015-G60Y,238,238,177
NCS S 1020-G60Y,240,242,173
NCS S 1030-G60Y,235,242,141
NCS S 1040-G60Y,225,235,109
NCS S 1050-G60Y,223,230,86
NCS S 1060-G60Y,210,221,48
NCS S 1070-G60Y,200,215,0
NCS S 1075-G60Y,194,213,0
NCS S 1510-G60Y,220,224,184
NCS S 1515-G60Y,213,221,166
NCS S 2005-G60Y,192,195,173
NCS S 2010-G60Y,189,194,159
NCS S 2020-G60Y,185,195,139
NCS S 2030-G60Y,183,191,111
NCS S 2040-G60Y,168,182,86
NCS S 2050-G60Y,168,179,68
NCS S 2060-G60Y,161,177,38
NCS S 2070-G60Y,156,181,0
NCS S 3010-G60Y,159,165,131
NCS S 3020-G60Y,154,162,109
NCS S 3030-G60Y,144,154,75
NCS S 3040-G60Y,140,152,55
NCS S 3050-G60Y,130,144,19
NCS S 3060-G60Y,121,140,0
NCS S 3065-G60Y,121,138,0
NCS S 3560-G60Y,100,123,0
NCS S 4040-G60Y,112,122,50
NCS S 4050-G60Y,107,114,6
NCS S 4550-G60Y,101,114,0
NCS S 5040-G60Y,86,93,0
NCS S 5540-G60Y,73,78,0
NCS S 0505-G70Y,253,251,227
NCS S 0510-G70Y,254,251,222
NCS S 0520-G70Y,251,249,203
NCS S 0530-G70Y,247,243,158
NCS S 0540-G70Y,244,239,135
NCS S 0550-G70Y,239,235,105
NCS S 0560-G70Y,231,228,77
NCS S 0570-G70Y,224,224,41
NCS S 0575-G70Y,217,218,0
NCS S 1005-G70Y,245,244,227
NCS S 1010-G70Y,244,243,197
NCS S 1020-G70Y,241,240,167
NCS S 1030-G70Y,233,235,133
NCS S 1040-G70Y,227,230,105
NCS S 1050-G70Y,229,228,77
NCS S 1060-G70Y,207,212,45
NCS S 1070-G70Y,205,211,15
NCS S 1075-G70Y,205,212,0
NCS S 2005-G70Y,196,198,181
NCS S 2010-G70Y,191,193,158
NCS S 2020-G70Y,192,193,136
NCS S 2030-G70Y,187,190,109
NCS S 2040-G70Y,184,185,78
NCS S 2050-G70Y,168,175,52
NCS S 2060-G70Y,174,180,0
NCS S 2070-G70Y,166,170,0
NCS S 3010-G70Y,165,166,133
NCS S 3020-G70Y,164,166,114
NCS S 3030-G70Y,154,156,72
NCS S 3040-G70Y,142,147,54
NCS S 3050-G70Y,130,135,0
NCS S 3060-G70Y,131,139,0
NCS S 3560-G70Y,111,126,0
NCS S 4010-G70Y,136,138,106
NCS S 4020-G70Y,128,130,82
NCS S 4030-G70Y,131,132,62
NCS S 4040-G70Y,111,117,37
NCS S 4050-G70Y,112,113,7
NCS S 4550-G70Y,104,105,0
NCS S 5010-G70Y,112,113,83
NCS S 5020-G70Y,113,114,62
NCS S 5030-G70Y,109,109,46
NCS S 5040-G70Y,95,95,0
NCS S 5540-G70Y,61,65,0
NCS S 6010-G70Y,98,99,72
NCS S 6020-G70Y,93,93,56
NCS S 6030-G70Y,83,84,33
NCS S 7010-G70Y,71,72,51
NCS S 7020-G70Y,42,44,0
NCS S 8010-G70Y,45,46,28
NCS S 0505-G80Y,254,252,231
NCS S 0507-G80Y,254,250,225
NCS S 0510-G80Y,254,250,219
NCS S 0515-G80Y,253,250,215
NCS S 0520-G80Y,252,248,202
NCS S 0530-G80Y,251,244,169
NCS S 0540-G80Y,248,239,133
NCS S 0550-G80Y,248,235,106
NCS S 0560-G80Y,245,230,78
NCS S 0570-G80Y,243,226,40
NCS S 0603-G80Y,251,249,238
NCS S 1005-G80Y,245,241,216
NCS S 1010-G80Y,243,236,182
NCS S 1015-G80Y,242,238,176
NCS S 1020-G80Y,238,233,160
NCS S 1030-G80Y,235,226,124
NCS S 1040-G80Y,234,226,101
NCS S 1050-G80Y,227,220,74
NCS S 1060-G80Y,224,217,38
NCS S 1070-G80Y,221,215,2
NCS S 1075-G80Y,215,214,0
NCS S 1505-G80Y,223,221,199
NCS S 1510-G80Y,225,223,173
NCS S 1515-G80Y,217,215,158
NCS S 2005-G80Y,199,198,174
NCS S 2010-G80Y,195,193,150
NCS S 2020-G80Y,193,190,123
NCS S 2030-G80Y,191,183,95
NCS S 2040-G80Y,187,180,78
NCS S 2050-G80Y,174,169,52
NCS S 2060-G80Y,172,165,0
NCS S 2070-G80Y,174,167,0
NCS S 3005-G80Y,168,166,140
NCS S 3010-G80Y,162,161,126
NCS S 3020-G80Y,163,159,103
NCS S 3030-G80Y,158,152,79
NCS S 3040-G80Y,163,155,61
NCS S 3050-G80Y,140,133,27
NCS S 3060-G80Y,132,128,0
NCS S 4005-G80Y,139,138,117
NCS S 4040-G80Y,124,117,0
NCS S 4050-G80Y,116,109,0
NCS S 5005-G80Y,121,120,102
NCS S 5040-G80Y,89,85,0
NCS S 6005-G80Y,92,91,76
NCS S 7005-G80Y,68,68,55
NCS S 8005-G80Y,39,39,30
NCS S 8505-G80Y,31,31,24
NCS S 0505-G90Y,255,252,234
NCS S 0510-G90Y,255,250,225
NCS S 0515-G90Y,255,249,214
NCS S 0520-G90Y,255,246,190
NCS S 0530-G90Y,255,242,169
NCS S 0540-G90Y,254,237,137
NCS S 0550-G90Y,253,232,106
NCS S 0560-G90Y,252,229,77
NCS S 0570-G90Y,251,225,47
NCS S 0575-G90Y,250,222,0
NCS S 0804-G90Y,251,248,234
NCS S 0907-G90Y,247,243,213
NCS S 1005-G90Y,243,239,209
NCS S 1010-G90Y,244,235,180
NCS S 1015-G90Y,241,232,168
NCS S 1020-G90Y,244,233,159
NCS S 1030-G90Y,240,227,133
NCS S 1040-G90Y,239,223,95
NCS S 1050-G90Y,239,220,68
NCS S 1060-G90Y,227,207,27
NCS S 1070-G90Y,221,201,0
NCS S 1075-G90Y,217,197,0
NCS S 1505-G90Y,223,219,192
NCS S 1510-G90Y,222,218,184
NCS S 1515-G90Y,210,204,149
NCS S 2005-G90Y,201,199,174
NCS S 2010-G90Y,193,189,145
NCS S 2020-G90Y,198,190,121
NCS S 2030-G90Y,193,182,98
NCS S 2040-G90Y,199,184,80
NCS S 2050-G90Y,182,165,48
NCS S 2060-G90Y,179,158,12
NCS S 2070-G90Y,168,147,0
NCS S 3010-G90Y,166,161,125
NCS S 3020-G90Y,176,168,108
NCS S 3030-G90Y,169,156,82
NCS S 3040-G90Y,161,147,52
NCS S 3050-G90Y,143,126,3
NCS S 3060-G90Y,139,123,0
NCS S 4010-G90Y,137,132,103
NCS S 4020-G90Y,141,133,85
NCS S 4030-G90Y,139,126,53
NCS S 4040-G90Y,125,110,15
NCS S 4050-G90Y,111,98,0
NCS S 5010-G90Y,115,109,80
NCS S 5020-G90Y,113,103,55
NCS S 5030-G90Y,108,93,23
NCS S 5040-G90Y,89,76,0
NCS S 6010-G90Y,103,98,66
NCS S 6020-G90Y,88,77,41
NCS S 6030-G90Y,70,58,0
NCS S 7010-G90Y,76,70,43
NCS S 7020-G90Y,55,41,0
NCS S 8010-G90Y,43,31,0
